{
  "questions": [
    {
      "question": "What is the primary diet of tigers?",
      "options": ["Herbivore", "Carnivore", "Omnivore", "Insectivore"],
      "correct_answer_index": 1
    },
    {
      "question": "What is a group of tigers called?",
      "options": ["Pack", "Pride", "Ambush", "Troop"],
      "correct_answer_index": 2
    },
    {
      "question": "What time of day are tigers most active?",
      "options": ["Morning", "Noon", "Evening", "Night"],
      "correct_answer_index": 3
    },
    {
      "question": "How do tigers communicate with each other?",
      "options": ["Barking", "Roaring", "Chirping", "Growling"],
      "correct_answer_index": 1
    },
    {
      "question": "What type of habitat do tigers prefer?",
      "options": ["Deserts", "Grasslands", "Forests", "Mountains"],
      "correct_answer_index": 2
    },
    {
      "question": "How far can a tiger's roar be heard?",
      "options": ["1 mile", "3 miles", "5 miles", "10 miles"],
      "correct_answer_index": 1
    },
    {
      "question": "What is the typical lifespan of a tiger in the wild?",
      "options": ["5-10 years", "10-15 years", "15-20 years", "20-25 years"],
      "correct_answer_index": 2
    },
    {
      "question": "How do tigers mark their territory?",
      "options": ["Scratching trees", "Roaring", "Urine marking", "All of the above"],
      "correct_answer_index": 3
    },
    {
      "question": "What is the primary threat to tiger populations?",
      "options": ["Habitat loss", "Climate change", "Hunting", "All of the above"],
      "correct_answer_index": 3
    },
    {
      "question": "What color is a tiger's skin underneath its fur?",
      "options": ["White", "Black", "Yellow", "Orange"],
      "correct_answer_index": 0
    }
  ]
}
