{
  "questions": [
    {
      "question": "What is the primary reason for the decline in tiger populations over the past century?",
      "options": ["Inbreeding", "Climate change", "Habitat fragmentation", "Poaching"],
      "correct_answer_index": 3
    },
    {
      "question": "What is the average number of cubs in a tiger litter?",
      "options": ["1-2", "2-4", "3-5", "5-7"],
      "correct_answer_index": 1
    },
    {
      "question": "Which chemical compound in tiger urine is used to mark territory?",
      "options": ["Urea", "Creatinine", "Phenols", "Acids"],
      "correct_answer_index": 2
    },
    {
      "question": "How much can a tiger consume in a single meal?",
      "options": ["20-30 pounds", "50-60 pounds", "80-100 pounds", "120-150 pounds"],
      "correct_answer_index": 3
    },
    {
      "question": "What behavioral trait do tigers exhibit when they are feeling threatened?",
      "options": ["Playfulness", "Vocalization", "Aggression", "Withdrawal"],
      "correct_answer_index": 2
    },
    {
      "question": "What is the primary form of social structure among tigers?",
      "options": ["Solitary", "Pack", "Family group", "Herd"],
      "correct_answer_index": 0
    },
    {
      "question": "Which of the following is a notable feature of tiger communication?",
      "options": ["Chuffing", "Howling", "Barking", "Cawing"],
      "correct_answer_index": 0
    },
    {
      "question": "What percentage of tiger hunts typically end in failure?",
      "options": ["25%", "50%", "75%", "90%"],
      "correct_answer_index": 2
    },
    {
      "question": "Which factor is most critical in a tiger's choice of habitat?",
      "options": ["Prey availability", "Water sources", "Cover for stalking", "All of the above"],
      "correct_answer_index": 3
    },
    {
      "question": "How do tigers react to the presence of humans in their territory?",
      "options": ["Aggressively", "Indifferently", "Fearfully", "Curiously"],
      "correct_answer_index": 2
    }
  ]
}
