{
  "questions": [
    {
      "question": "What is the average weight range for adult male tigers?",
      "options": ["100-200 pounds", "200-300 pounds", "300-400 pounds", "400-500 pounds"],
      "correct_answer_index": 1
    },
    {
      "question": "Which tiger subspecies is the largest?",
      "options": ["Bengal tiger", "Siberian tiger", "Indochinese tiger", "Sumatran tiger"],
      "correct_answer_index": 1
    },
    {
      "question": "How do tigers primarily hunt their prey?",
      "options": ["Stalking", "Chasing", "Ambushing", "Scavenging"],
      "correct_answer_index": 0
    },
    {
      "question": "What is the primary sense that tigers rely on for hunting?",
      "options": ["Sight", "Hearing", "Smell", "Touch"],
      "correct_answer_index": 2
    },
    {
      "question": "At what age do tigers typically become independent from their mothers?",
      "options": ["6 months", "1 year", "2 years", "3 years"],
      "correct_answer_index": 2
    },
    {
      "question": "How do tigers regulate their body temperature in hot climates?",
      "options": ["Panting", "Swimming", "Hiding in shade", "All of the above"],
      "correct_answer_index": 3
    },
    {
      "question": "What is the typical territory size for a male tiger?",
      "options": ["1-5 square miles", "10-20 square miles", "30-50 square miles", "100 square miles"],
      "correct_answer_index": 2
    },
    {
      "question": "Which behavior is common in tigers during mating season?",
      "options": ["Aggression", "Vocalization", "Marking territory", "All of the above"],
      "correct_answer_index": 3
    },
    {
      "question": "How do tigers care for their young after birth?",
      "options": ["Leave them alone", "Bring food to them", "Teach them to hunt", "Groom them regularly"],
      "correct_answer_index": 1
    },
    {
      "question": "What unique physical feature do tigers have that helps them in hunting?",
      "options": ["Long legs", "Retractable claws", "Short tails", "Large ears"],
      "correct_answer_index": 1
    }
  ]
}
