{
  "questions": [
    {
      "question": "What is a common health problem faced by tigers in captivity?",
      "options": ["Obesity", "Dehydration", "Anemia", "Diabetes"],
      "correct_answer_index": 0
    },
    {
      "question": "What is the primary way tigers maintain their dental health?",
      "options": ["Chewing bones", "Brushing teeth", "Eating soft food", "Drinking water"],
      "correct_answer_index": 0
    },
    {
      "question": "What is a sign that a tiger may be sick?",
      "options": ["Increased energy", "Loud vocalization", "Loss of appetite", "Frequent grooming"],
      "correct_answer_index": 2
    },
    {
      "question": "How can tigers naturally maintain a healthy weight?",
      "options": ["Eating less food", "Regular exercise", "Sleeping more", "Avoiding sunlight"],
      "correct_answer_index": 1
    },
    {
      "question": "What is the normal body temperature range for a tiger?",
      "options": ["90-95°F", "95-100°F", "100-102°F", "102-105°F"],
      "correct_answer_index": 2
    },
    {
      "question": "What is the best way to ensure a tiger's hydration?",
      "options": ["Providing water bowls", "Feeding wet food", "Letting them swim", "All of the above"],
      "correct_answer_index": 3
    },
    {
      "question": "Which vitamin is essential for a tiger's health and found in meat?",
      "options": ["Vitamin A", "Vitamin B12", "Vitamin C", "Vitamin D"],
      "correct_answer_index": 1
    },
    {
      "question": "What can help prevent diseases in tigers living in the wild?",
      "options": ["Isolation from other animals", "Genetic diversity", "Limited movement", "High prey density"],
      "correct_answer_index": 1
    },
    {
      "question": "How often do tigers need to hunt to maintain good health?",
      "options": ["Daily", "Weekly", "Monthly", "Seasonally"],
      "correct_answer_index": 0
    },
    {
      "question": "What is a common method for monitoring the health of wild tigers?",
      "options": ["Visual observation", "GPS tracking", "Blood tests", "Camera traps"],
      "correct_answer_index": 3
    }
  ]
}
