{
  "questions": [
    {
      "question": "What is the primary reason for high levels of inbreeding in isolated tiger populations?",
      "options": ["Habitat destruction", "Low birth rates", "Limited territory", "Human encroachment"],
      "correct_answer_index": 0
    },
    {
      "question": "Which zoonotic disease poses a risk to tigers and can be transmitted from domestic animals?",
      "options": ["Feline panleukopenia", "Rabies", "HIV", "Brucellosis"],
      "correct_answer_index": 1
    },
    {
      "question": "How does chronic stress impact the immune system of tigers?",
      "options": ["Enhances immune response", "Has no impact", "Weakens immune response", "Improves physical health"],
      "correct_answer_index": 2
    },
    {
      "question": "What is the most common nutritional deficiency observed in captive tigers?",
      "options": ["Vitamin D", "Calcium", "Taurine", "Iron"],
      "correct_answer_index": 2
    },
    {
      "question": "What role do wildlife corridors play in tiger health?",
      "options": ["Increase poaching risk", "Reduce genetic diversity", "Facilitate movement and gene flow", "Encourage competition"],
      "correct_answer_index": 2
    },
    {
      "question": "Which condition is often a result of a tiger's inadequate exercise in captivity?",
      "options": ["Arthritis", "Hypertension", "Diabetes", "Heart disease"],
      "correct_answer_index": 0
    },
    {
      "question": "What is the typical lifespan of a tiger affected by chronic illness in the wild?",
      "options": ["5-7 years", "8-10 years", "10-12 years", "12-15 years"],
      "correct_answer_index": 0
    },
    {
      "question": "Which type of cancer is particularly observed in aged tigers?",
      "options": ["Lymphoma", "Skin cancer", "Mast cell tumors", "Bone cancer"],
      "correct_answer_index": 2
    },
    {
      "question": "How does the decline of prey species affect tiger health?",
      "options": ["Increases reproductive success", "Decreases hunting success", "Improves physical condition", "Has no effect"],
      "correct_answer_index": 1
    },
    {
      "question": "What is a significant behavioral change in tigers suffering from chronic pain?",
      "options": ["Increased social interaction", "Reduced grooming", "Enhanced hunting skills", "Improved territory marking"],
      "correct_answer_index": 1
    }
  ]
}
