{
  "questions": [
    {
      "question": "What is a common parasite that affects tigers in the wild?",
      "options": ["Fleas", "Ticks", "Heartworms", "All of the above"],
      "correct_answer_index": 3
    },
    {
      "question": "Which of the following can be a consequence of poor dental health in tigers?",
      "options": ["Weight gain", "Chronic pain", "Skin infections", "Increased aggression"],
      "correct_answer_index": 1
    },
    {
      "question": "What condition can result from a tiger’s diet lacking in essential fatty acids?",
      "options": ["Obesity", "Skin problems", "Muscle atrophy", "Dental issues"],
      "correct_answer_index": 1
    },
    {
      "question": "How does stress affect the health of tigers in captivity?",
      "options": ["Improves appetite", "Decreases immune function", "Enhances reproductive success", "Has no effect"],
      "correct_answer_index": 1
    },
    {
      "question": "What is a common cause of respiratory infections in tigers?",
      "options": ["Poor ventilation", "Exposure to cold weather", "Inadequate nutrition", "All of the above"],
      "correct_answer_index": 3
    },
    {
      "question": "Which disease is particularly threatening to wild tiger populations due to poaching?",
      "options": ["Feline leukemia", "Tuberculosis", "Parvovirus", "Canine distemper"],
      "correct_answer_index": 1
    },
    {
      "question": "What type of regular check-ups can help monitor tiger health in captivity?",
      "options": ["Blood tests", "Physical examinations", "Vaccinations", "All of the above"],
      "correct_answer_index": 3
    },
    {
      "question": "What is a common sign of dehydration in tigers?",
      "options": ["Increased appetite", "Dry gums", "Excessive grooming", "Vocalization"],
      "correct_answer_index": 1
    },
    {
      "question": "Which of the following is crucial for a tiger's mental health in captivity?",
      "options": ["Social interaction", "Enrichment activities", "Access to sunlight", "All of the above"],
      "correct_answer_index": 3
    },
    {
      "question": "How can environmental changes affect the health of wild tigers?",
      "options": ["Increase prey availability", "Alter habitat structure", "Enhance breeding success", "Decrease competition"],
      "correct_answer_index": 1
    }
  ]
}
